-- MySQL Script generated by MySQL Workbench
-- vie 08 ene 2016 17:35:23 CLT
-- Model: New Model    Version: 1.0
-- MySQL Workbench Forward Engineering

SET @OLD_UNIQUE_CHECKS=@@UNIQUE_CHECKS, UNIQUE_CHECKS=0;
SET @OLD_FOREIGN_KEY_CHECKS=@@FOREIGN_KEY_CHECKS, FOREIGN_KEY_CHECKS=0;
SET @OLD_SQL_MODE=@@SQL_MODE, SQL_MODE='TRADITIONAL,ALLOW_INVALID_DATES';

-- -----------------------------------------------------
-- Schema mydb
-- -----------------------------------------------------

-- -----------------------------------------------------
-- Schema mydb
-- -----------------------------------------------------
CREATE SCHEMA IF NOT EXISTS `mydb` DEFAULT CHARACTER SET utf8 COLLATE utf8_general_ci ;
USE `mydb` ;

-- -----------------------------------------------------
-- Table `mydb`.`Cargo`
-- -----------------------------------------------------
CREATE TABLE IF NOT EXISTS `mydb`.`Cargo` (
  `idCargo` INT NOT NULL AUTO_INCREMENT COMMENT '',
  `nombreCargo` VARCHAR(45) NULL COMMENT '',
  PRIMARY KEY (`idCargo`)  COMMENT '')
ENGINE = InnoDB;


-- -----------------------------------------------------
-- Table `mydb`.`Area`
-- -----------------------------------------------------
CREATE TABLE IF NOT EXISTS `mydb`.`Area` (
  `idArea` INT NOT NULL AUTO_INCREMENT COMMENT '',
  `nombreArea` VARCHAR(45) NULL COMMENT '',
  PRIMARY KEY (`idArea`)  COMMENT '')
ENGINE = InnoDB;


-- -----------------------------------------------------
-- Table `mydb`.`Tipo_Usuario`
-- -----------------------------------------------------
CREATE TABLE IF NOT EXISTS `mydb`.`Tipo_Usuario` (
  `idTipoUsuario` INT NOT NULL AUTO_INCREMENT COMMENT '',
  `nombreTipo` VARCHAR(45) NULL COMMENT '',
  PRIMARY KEY (`idTipoUsuario`)  COMMENT '')
ENGINE = InnoDB;


-- -----------------------------------------------------
-- Table `mydb`.`Usuario`
-- -----------------------------------------------------
CREATE TABLE IF NOT EXISTS `mydb`.`Usuario` (
  `idUsuario` INT NOT NULL AUTO_INCREMENT COMMENT '',
  `nombreUsuario` VARCHAR(45) NULL COMMENT '',
  `apellidoUsuario` VARCHAR(45) NULL COMMENT '',
  `rutUsuario` VARCHAR(30) NULL COMMENT '',
  `passUsuario` VARCHAR(45) NULL COMMENT '',
  `mailUsuario` VARCHAR(45) NULL COMMENT '',
  `cuentaUsuario` VARCHAR(30) NULL COMMENT '',
  `estadoUsuario` TINYINT(1) NULL COMMENT '',
  `Cargo_idCargo` INT NOT NULL COMMENT '',
  `Area_idArea` INT NOT NULL COMMENT '',
  `Tipo_Usuario_idTipoUsuario` INT NOT NULL COMMENT '',
  PRIMARY KEY (`idUsuario`)  COMMENT '',
  INDEX `fk_Usuario_Cargo1_idx` (`Cargo_idCargo` ASC)  COMMENT '',
  INDEX `fk_Usuario_Area1_idx` (`Area_idArea` ASC)  COMMENT '',
  INDEX `fk_Usuario_Tipo_Usuario1_idx` (`Tipo_Usuario_idTipoUsuario` ASC)  COMMENT '',
  CONSTRAINT `fk_Usuario_Cargo1`
    FOREIGN KEY (`Cargo_idCargo`)
    REFERENCES `mydb`.`Cargo` (`idCargo`)
    ON DELETE NO ACTION
    ON UPDATE NO ACTION,
  CONSTRAINT `fk_Usuario_Area1`
    FOREIGN KEY (`Area_idArea`)
    REFERENCES `mydb`.`Area` (`idArea`)
    ON DELETE NO ACTION
    ON UPDATE NO ACTION,
  CONSTRAINT `fk_Usuario_Tipo_Usuario1`
    FOREIGN KEY (`Tipo_Usuario_idTipoUsuario`)
    REFERENCES `mydb`.`Tipo_Usuario` (`idTipoUsuario`)
    ON DELETE NO ACTION
    ON UPDATE NO ACTION)
ENGINE = InnoDB;


-- -----------------------------------------------------
-- Table `mydb`.`Semaforo`
-- -----------------------------------------------------
CREATE TABLE IF NOT EXISTS `mydb`.`Semaforo` (
  `idSemaforo` INT NOT NULL COMMENT '',
  `semaforo` VARCHAR(45) NULL COMMENT '',
  `descripcionSemaforo` VARCHAR(45) NULL COMMENT '',
  PRIMARY KEY (`idSemaforo`)  COMMENT '')
ENGINE = InnoDB;


-- -----------------------------------------------------
-- Table `mydb`.`Formulario`
-- -----------------------------------------------------
CREATE TABLE IF NOT EXISTS `mydb`.`Formulario` (
  `NUE` INT NOT NULL COMMENT '',
  `fechaIngreso` DATE NULL COMMENT '',
  `RUC` VARCHAR(45) NULL COMMENT '',
  `RIT` VARCHAR(45) NULL COMMENT '',
  `direccionFotografia` VARCHAR(60) NULL COMMENT '',
  `fechaOcurrido` DATE NULL COMMENT '',
  `lugarLevantamiento` VARCHAR(50) NULL COMMENT '',
  `numeroParte` INT NULL COMMENT '',
  `observaciones` VARCHAR(300) NULL COMMENT '',
  `direccionSS` VARCHAR(50) NULL COMMENT '',
  `delitoRef` VARCHAR(45) NULL COMMENT '',
  `descripcionEspecieFormulario` VARCHAR(300) NULL COMMENT '',
  `ultimaEdicion` DATETIME NULL COMMENT '',
  `bloqueado` TINYINT(1) NULL COMMENT '',
  `unidadPolicial` VARCHAR(45) NULL COMMENT '',
  `Usuario_idUsuario` INT NOT NULL COMMENT '',
  `Usuario_idUsuarioInicia` INT NOT NULL COMMENT '',
  `Semaforo_idSemaforo` INT NOT NULL COMMENT '',
  PRIMARY KEY (`NUE`)  COMMENT '',
  INDEX `fk_Formulario_Usuario1_idx` (`Usuario_idUsuario` ASC)  COMMENT '',
  INDEX `fk_Formulario_Usuario2_idx` (`Usuario_idUsuarioInicia` ASC)  COMMENT '',
  INDEX `fk_Formulario_Semaforo1_idx` (`Semaforo_idSemaforo` ASC)  COMMENT '',
  CONSTRAINT `fk_Formulario_Usuario1`
    FOREIGN KEY (`Usuario_idUsuario`)
    REFERENCES `mydb`.`Usuario` (`idUsuario`)
    ON DELETE NO ACTION
    ON UPDATE NO ACTION,
  CONSTRAINT `fk_Formulario_Usuario2`
    FOREIGN KEY (`Usuario_idUsuarioInicia`)
    REFERENCES `mydb`.`Usuario` (`idUsuario`)
    ON DELETE NO ACTION
    ON UPDATE NO ACTION,
  CONSTRAINT `fk_Formulario_Semaforo1`
    FOREIGN KEY (`Semaforo_idSemaforo`)
    REFERENCES `mydb`.`Semaforo` (`idSemaforo`)
    ON DELETE NO ACTION
    ON UPDATE NO ACTION)
ENGINE = InnoDB;


-- -----------------------------------------------------
-- Table `mydb`.`Tipo_Motivo`
-- -----------------------------------------------------
CREATE TABLE IF NOT EXISTS `mydb`.`Tipo_Motivo` (
  `idMotivo` INT NOT NULL AUTO_INCREMENT COMMENT '',
  `tipoMotivo` VARCHAR(45) NULL COMMENT '',
  PRIMARY KEY (`idMotivo`)  COMMENT '')
ENGINE = InnoDB;


-- -----------------------------------------------------
-- Table `mydb`.`Traslado`
-- -----------------------------------------------------
CREATE TABLE IF NOT EXISTS `mydb`.`Traslado` (
  `idTraslado` INT NOT NULL AUTO_INCREMENT COMMENT '',
  `fechaEntrega` DATETIME NULL COMMENT '',
  `observaciones` VARCHAR(300) NULL COMMENT '',
  `Tipo_Motivo_idMotivo` INT NOT NULL COMMENT '',
  `Usuario_idUsuarioEntrega` INT NOT NULL COMMENT '',
  `Usuario_idUsuarioRecibe` INT NOT NULL COMMENT '',
  `Formulario_NUE` INT NOT NULL COMMENT '',
  PRIMARY KEY (`idTraslado`)  COMMENT '',
  INDEX `fk_Involucrado_Tipo_Motivo1_idx` (`Tipo_Motivo_idMotivo` ASC)  COMMENT '',
  INDEX `fk_Involucrado_Usuario2_idx` (`Usuario_idUsuarioEntrega` ASC)  COMMENT '',
  INDEX `fk_Involucrado_Formulario1_idx` (`Formulario_NUE` ASC)  COMMENT '',
  INDEX `fk_Traslado_Usuario1_idx` (`Usuario_idUsuarioRecibe` ASC)  COMMENT '',
  CONSTRAINT `fk_Involucrado_Tipo_Motivo1`
    FOREIGN KEY (`Tipo_Motivo_idMotivo`)
    REFERENCES `mydb`.`Tipo_Motivo` (`idMotivo`)
    ON DELETE NO ACTION
    ON UPDATE NO ACTION,
  CONSTRAINT `fk_Involucrado_Usuario2`
    FOREIGN KEY (`Usuario_idUsuarioEntrega`)
    REFERENCES `mydb`.`Usuario` (`idUsuario`)
    ON DELETE NO ACTION
    ON UPDATE NO ACTION,
  CONSTRAINT `fk_Involucrado_Formulario1`
    FOREIGN KEY (`Formulario_NUE`)
    REFERENCES `mydb`.`Formulario` (`NUE`)
    ON DELETE NO ACTION
    ON UPDATE NO ACTION,
  CONSTRAINT `fk_Traslado_Usuario1`
    FOREIGN KEY (`Usuario_idUsuarioRecibe`)
    REFERENCES `mydb`.`Usuario` (`idUsuario`)
    ON DELETE NO ACTION
    ON UPDATE NO ACTION)
ENGINE = InnoDB;


-- -----------------------------------------------------
-- Table `mydb`.`Edicion_Formulario`
-- -----------------------------------------------------
CREATE TABLE IF NOT EXISTS `mydb`.`Edicion_Formulario` (
  `idEdicion` INT NOT NULL AUTO_INCREMENT COMMENT '',
  `Usuario_idUsuario` INT NOT NULL COMMENT '',
  `Formulario_NUE` INT NOT NULL COMMENT '',
  `fechaEdicion` DATETIME NULL COMMENT '',
  `observaciones` VARCHAR(400) NULL COMMENT '',
  INDEX `fk_Edicion_Formulario_Usuario1_idx` (`Usuario_idUsuario` ASC)  COMMENT '',
  INDEX `fk_Edicion_Formulario_Formulario1_idx` (`Formulario_NUE` ASC)  COMMENT '',
  PRIMARY KEY (`idEdicion`)  COMMENT '',
  CONSTRAINT `fk_Edicion_Formulario_Usuario1`
    FOREIGN KEY (`Usuario_idUsuario`)
    REFERENCES `mydb`.`Usuario` (`idUsuario`)
    ON DELETE NO ACTION
    ON UPDATE NO ACTION,
  CONSTRAINT `fk_Edicion_Formulario_Formulario1`
    FOREIGN KEY (`Formulario_NUE`)
    REFERENCES `mydb`.`Formulario` (`NUE`)
    ON DELETE NO ACTION
    ON UPDATE NO ACTION)
ENGINE = InnoDB;


-- -----------------------------------------------------
-- Table `mydb`.`Tipo_Evidencia`
-- -----------------------------------------------------
CREATE TABLE IF NOT EXISTS `mydb`.`Tipo_Evidencia` (
  `idTipoEvidencia` INT NOT NULL COMMENT '',
  `nombreTipoEvidencia` VARCHAR(45) NULL COMMENT '',
  `Area_idArea` INT NOT NULL COMMENT '',
  PRIMARY KEY (`idTipoEvidencia`)  COMMENT '',
  INDEX `fk_Tipo_Evidencia_Area1_idx` (`Area_idArea` ASC)  COMMENT '',
  CONSTRAINT `fk_Tipo_Evidencia_Area1`
    FOREIGN KEY (`Area_idArea`)
    REFERENCES `mydb`.`Area` (`idArea`)
    ON DELETE NO ACTION
    ON UPDATE NO ACTION)
ENGINE = InnoDB;


-- -----------------------------------------------------
-- Table `mydb`.`Tipo_Evidencia`
-- -----------------------------------------------------
CREATE TABLE IF NOT EXISTS `mydb`.`Tipo_Evidencia` (
  `idTipoEvidencia` INT NOT NULL COMMENT '',
  `nombreTipoEvidencia` VARCHAR(45) NULL COMMENT '',
  `Area_idArea` INT NOT NULL COMMENT '',
  PRIMARY KEY (`idTipoEvidencia`)  COMMENT '',
  INDEX `fk_Tipo_Evidencia_Area1_idx` (`Area_idArea` ASC)  COMMENT '',
  CONSTRAINT `fk_Tipo_Evidencia_Area1`
    FOREIGN KEY (`Area_idArea`)
    REFERENCES `mydb`.`Area` (`idArea`)
    ON DELETE NO ACTION
    ON UPDATE NO ACTION)
ENGINE = InnoDB;


-- -----------------------------------------------------
-- Table `mydb`.`Evidencia`
-- -----------------------------------------------------
CREATE TABLE IF NOT EXISTS `mydb`.`Evidencia` (
  `idEvidencia` INT NOT NULL COMMENT '',
  `nombreEvidencia` VARCHAR(45) NULL COMMENT '',
  `Tipo_Evidencia_idTipoEvidencia` INT NOT NULL COMMENT '',
  PRIMARY KEY (`idEvidencia`)  COMMENT '',
  INDEX `fk_Evidencia_Tipo_Evidencia1_idx` (`Tipo_Evidencia_idTipoEvidencia` ASC)  COMMENT '',
  CONSTRAINT `fk_Evidencia_Tipo_Evidencia1`
    FOREIGN KEY (`Tipo_Evidencia_idTipoEvidencia`)
    REFERENCES `mydb`.`Tipo_Evidencia` (`idTipoEvidencia`)
    ON DELETE NO ACTION
    ON UPDATE NO ACTION)
ENGINE = InnoDB;


-- -----------------------------------------------------
-- Table `mydb`.`Formulario_Evidencia`
-- -----------------------------------------------------
CREATE TABLE IF NOT EXISTS `mydb`.`Formulario_Evidencia` (
  `Formulario_NUE` INT NOT NULL COMMENT '',
  `Evidencia_idEvidencia` INT NOT NULL COMMENT '',
  PRIMARY KEY (`Formulario_NUE`, `Evidencia_idEvidencia`)  COMMENT '',
  INDEX `fk_Formulario_has_Evidencia_Evidencia1_idx` (`Evidencia_idEvidencia` ASC)  COMMENT '',
  INDEX `fk_Formulario_has_Evidencia_Formulario1_idx` (`Formulario_NUE` ASC)  COMMENT '',
  CONSTRAINT `fk_Formulario_has_Evidencia_Formulario1`
    FOREIGN KEY (`Formulario_NUE`)
    REFERENCES `mydb`.`Formulario` (`NUE`)
    ON DELETE NO ACTION
    ON UPDATE NO ACTION,
  CONSTRAINT `fk_Formulario_has_Evidencia_Evidencia1`
    FOREIGN KEY (`Evidencia_idEvidencia`)
    REFERENCES `mydb`.`Evidencia` (`idEvidencia`)
    ON DELETE NO ACTION
    ON UPDATE NO ACTION)
ENGINE = InnoDB;


SET SQL_MODE=@OLD_SQL_MODE;
SET FOREIGN_KEY_CHECKS=@OLD_FOREIGN_KEY_CHECKS;
SET UNIQUE_CHECKS=@OLD_UNIQUE_CHECKS;

-- -----------------------------------------------------
-- Data for table `mydb`.`Cargo`
-- -----------------------------------------------------
START TRANSACTION;
USE `mydb`;
INSERT INTO `mydb`.`Cargo` (`idCargo`, `nombreCargo`) VALUES (DEFAULT, 'Digitador');
INSERT INTO `mydb`.`Cargo` (`idCargo`, `nombreCargo`) VALUES (DEFAULT, 'Administrativo');
INSERT INTO `mydb`.`Cargo` (`idCargo`, `nombreCargo`) VALUES (DEFAULT, 'Perito');
INSERT INTO `mydb`.`Cargo` (`idCargo`, `nombreCargo`) VALUES (DEFAULT, 'Técnico');
INSERT INTO `mydb`.`Cargo` (`idCargo`, `nombreCargo`) VALUES (DEFAULT, 'Jefe de área');
INSERT INTO `mydb`.`Cargo` (`idCargo`, `nombreCargo`) VALUES (DEFAULT, 'Chofer');
INSERT INTO `mydb`.`Cargo` (`idCargo`, `nombreCargo`) VALUES (DEFAULT, 'Externo');

COMMIT;


-- -----------------------------------------------------
-- Data for table `mydb`.`Area`
-- -----------------------------------------------------
START TRANSACTION;
USE `mydb`;
INSERT INTO `mydb`.`Area` (`idArea`, `nombreArea`) VALUES (1, 'Laboratorio MSL');
INSERT INTO `mydb`.`Area` (`idArea`, `nombreArea`) VALUES (2, 'LACRIM');
INSERT INTO `mydb`.`Area` (`idArea`, `nombreArea`) VALUES (3, 'LABOCAR');
INSERT INTO `mydb`.`Area` (`idArea`, `nombreArea`) VALUES (4, 'Tanatología SML');
INSERT INTO `mydb`.`Area` (`idArea`, `nombreArea`) VALUES (5, 'Otro');
INSERT INTO `mydb`.`Area` (`idArea`, `nombreArea`) VALUES (6, 'Clínica SML');

COMMIT;


-- -----------------------------------------------------
-- Data for table `mydb`.`Tipo_Usuario`
-- -----------------------------------------------------
START TRANSACTION;
USE `mydb`;
INSERT INTO `mydb`.`Tipo_Usuario` (`idTipoUsuario`, `nombreTipo`) VALUES (DEFAULT, 'SML');
INSERT INTO `mydb`.`Tipo_Usuario` (`idTipoUsuario`, `nombreTipo`) VALUES (DEFAULT, 'Externo');

COMMIT;


-- -----------------------------------------------------
-- Data for table `mydb`.`Semaforo`
-- -----------------------------------------------------
START TRANSACTION;
USE `mydb`;
INSERT INTO `mydb`.`Semaforo` (`idSemaforo`, `semaforo`, `descripcionSemaforo`) VALUES (DEFAULT, 'Rojo', 'Iniciada');
INSERT INTO `mydb`.`Semaforo` (`idSemaforo`, `semaforo`, `descripcionSemaforo`) VALUES (DEFAULT, 'Verde', 'Abierta');
INSERT INTO `mydb`.`Semaforo` (`idSemaforo`, `semaforo`, `descripcionSemaforo`) VALUES (DEFAULT, 'Amarillo', 'Cerrada');

COMMIT;


-- -----------------------------------------------------
-- Data for table `mydb`.`Tipo_Motivo`
-- -----------------------------------------------------
START TRANSACTION;
USE `mydb`;
INSERT INTO `mydb`.`Tipo_Motivo` (`idMotivo`, `tipoMotivo`) VALUES (DEFAULT, 'Peritaje');
INSERT INTO `mydb`.`Tipo_Motivo` (`idMotivo`, `tipoMotivo`) VALUES (DEFAULT, 'Custodia');
INSERT INTO `mydb`.`Tipo_Motivo` (`idMotivo`, `tipoMotivo`) VALUES (DEFAULT, 'Traslado');

COMMIT;


-- -----------------------------------------------------
-- Data for table `mydb`.`Tipo_Evidencia`
-- -----------------------------------------------------
START TRANSACTION;
USE `mydb`;
INSERT INTO `mydb`.`Tipo_Evidencia` (`idTipoEvidencia`, `nombreTipoEvidencia`, `Area_idArea`) VALUES (1, 'Biológica', 4);
INSERT INTO `mydb`.`Tipo_Evidencia` (`idTipoEvidencia`, `nombreTipoEvidencia`, `Area_idArea`) VALUES (2, 'Biológica', 6);
INSERT INTO `mydb`.`Tipo_Evidencia` (`idTipoEvidencia`, `nombreTipoEvidencia`, `Area_idArea`) VALUES (3, 'Vestuario', 4);
INSERT INTO `mydb`.`Tipo_Evidencia` (`idTipoEvidencia`, `nombreTipoEvidencia`, `Area_idArea`) VALUES (4, 'Vestuario', 6);
INSERT INTO `mydb`.`Tipo_Evidencia` (`idTipoEvidencia`, `nombreTipoEvidencia`, `Area_idArea`) VALUES (5, 'Artefacto', 4);
INSERT INTO `mydb`.`Tipo_Evidencia` (`idTipoEvidencia`, `nombreTipoEvidencia`, `Area_idArea`) VALUES (6, 'Artefacto', 6);
INSERT INTO `mydb`.`Tipo_Evidencia` (`idTipoEvidencia`, `nombreTipoEvidencia`, `Area_idArea`) VALUES (7, 'Otros', 6);
INSERT INTO `mydb`.`Tipo_Evidencia` (`idTipoEvidencia`, `nombreTipoEvidencia`, `Area_idArea`) VALUES (8, 'Elemento balístico', 4);

COMMIT;


-- -----------------------------------------------------
-- Data for table `mydb`.`Evidencia`
-- -----------------------------------------------------
START TRANSACTION;
USE `mydb`;
INSERT INTO `mydb`.`Evidencia` (`idEvidencia`, `nombreEvidencia`, `Tipo_Evidencia_idTipoEvidencia`) VALUES (1, 'Contenido bucal', 2);
INSERT INTO `mydb`.`Evidencia` (`idEvidencia`, `nombreEvidencia`, `Tipo_Evidencia_idTipoEvidencia`) VALUES (2, 'Contenido vaginal', 2);
INSERT INTO `mydb`.`Evidencia` (`idEvidencia`, `nombreEvidencia`, `Tipo_Evidencia_idTipoEvidencia`) VALUES (3, 'Contenido rectal', 2);
INSERT INTO `mydb`.`Evidencia` (`idEvidencia`, `nombreEvidencia`, `Tipo_Evidencia_idTipoEvidencia`) VALUES (4, 'Lecho ungeal', 2);
INSERT INTO `mydb`.`Evidencia` (`idEvidencia`, `nombreEvidencia`, `Tipo_Evidencia_idTipoEvidencia`) VALUES (5, 'Secreciones', 2);
INSERT INTO `mydb`.`Evidencia` (`idEvidencia`, `nombreEvidencia`, `Tipo_Evidencia_idTipoEvidencia`) VALUES (6, 'Sangre', 2);
INSERT INTO `mydb`.`Evidencia` (`idEvidencia`, `nombreEvidencia`, `Tipo_Evidencia_idTipoEvidencia`) VALUES (7, 'Orina', 2);
INSERT INTO `mydb`.`Evidencia` (`idEvidencia`, `nombreEvidencia`, `Tipo_Evidencia_idTipoEvidencia`) VALUES (8, 'Otros', 2);
INSERT INTO `mydb`.`Evidencia` (`idEvidencia`, `nombreEvidencia`, `Tipo_Evidencia_idTipoEvidencia`) VALUES (9, 'Vestido', 4);
INSERT INTO `mydb`.`Evidencia` (`idEvidencia`, `nombreEvidencia`, `Tipo_Evidencia_idTipoEvidencia`) VALUES (10, 'Blusa', 4);
INSERT INTO `mydb`.`Evidencia` (`idEvidencia`, `nombreEvidencia`, `Tipo_Evidencia_idTipoEvidencia`) VALUES (11, 'Camisa', 4);
INSERT INTO `mydb`.`Evidencia` (`idEvidencia`, `nombreEvidencia`, `Tipo_Evidencia_idTipoEvidencia`) VALUES (12, 'Pantalón', 4);
INSERT INTO `mydb`.`Evidencia` (`idEvidencia`, `nombreEvidencia`, `Tipo_Evidencia_idTipoEvidencia`) VALUES (13, 'Polera', 4);
INSERT INTO `mydb`.`Evidencia` (`idEvidencia`, `nombreEvidencia`, `Tipo_Evidencia_idTipoEvidencia`) VALUES (14, 'Chaqueta', 4);
INSERT INTO `mydb`.`Evidencia` (`idEvidencia`, `nombreEvidencia`, `Tipo_Evidencia_idTipoEvidencia`) VALUES (15, 'Chaleco', 4);
INSERT INTO `mydb`.`Evidencia` (`idEvidencia`, `nombreEvidencia`, `Tipo_Evidencia_idTipoEvidencia`) VALUES (16, 'Calzado', 4);
INSERT INTO `mydb`.`Evidencia` (`idEvidencia`, `nombreEvidencia`, `Tipo_Evidencia_idTipoEvidencia`) VALUES (17, 'Otros', 4);
INSERT INTO `mydb`.`Evidencia` (`idEvidencia`, `nombreEvidencia`, `Tipo_Evidencia_idTipoEvidencia`) VALUES (18, 'Protector', 6);
INSERT INTO `mydb`.`Evidencia` (`idEvidencia`, `nombreEvidencia`, `Tipo_Evidencia_idTipoEvidencia`) VALUES (19, 'Toalla higiénica', 6);
INSERT INTO `mydb`.`Evidencia` (`idEvidencia`, `nombreEvidencia`, `Tipo_Evidencia_idTipoEvidencia`) VALUES (20, 'Otros', 6);
INSERT INTO `mydb`.`Evidencia` (`idEvidencia`, `nombreEvidencia`, `Tipo_Evidencia_idTipoEvidencia`) VALUES (21, 'Contenido bucal', 1);
INSERT INTO `mydb`.`Evidencia` (`idEvidencia`, `nombreEvidencia`, `Tipo_Evidencia_idTipoEvidencia`) VALUES (22, 'Contenido vaginal', 1);
INSERT INTO `mydb`.`Evidencia` (`idEvidencia`, `nombreEvidencia`, `Tipo_Evidencia_idTipoEvidencia`) VALUES (23, 'Contenido rectal', 1);
INSERT INTO `mydb`.`Evidencia` (`idEvidencia`, `nombreEvidencia`, `Tipo_Evidencia_idTipoEvidencia`) VALUES (24, 'Lecho ungeal', 1);
INSERT INTO `mydb`.`Evidencia` (`idEvidencia`, `nombreEvidencia`, `Tipo_Evidencia_idTipoEvidencia`) VALUES (25, 'Secreciones', 1);
INSERT INTO `mydb`.`Evidencia` (`idEvidencia`, `nombreEvidencia`, `Tipo_Evidencia_idTipoEvidencia`) VALUES (26, 'Sangre', 1);
INSERT INTO `mydb`.`Evidencia` (`idEvidencia`, `nombreEvidencia`, `Tipo_Evidencia_idTipoEvidencia`) VALUES (27, 'Orina', 1);
INSERT INTO `mydb`.`Evidencia` (`idEvidencia`, `nombreEvidencia`, `Tipo_Evidencia_idTipoEvidencia`) VALUES (28, 'Tejido cerebro', 1);
INSERT INTO `mydb`.`Evidencia` (`idEvidencia`, `nombreEvidencia`, `Tipo_Evidencia_idTipoEvidencia`) VALUES (29, 'Tejido pulmón', 1);
INSERT INTO `mydb`.`Evidencia` (`idEvidencia`, `nombreEvidencia`, `Tipo_Evidencia_idTipoEvidencia`) VALUES (30, 'Tejido corazón', 1);
INSERT INTO `mydb`.`Evidencia` (`idEvidencia`, `nombreEvidencia`, `Tipo_Evidencia_idTipoEvidencia`) VALUES (31, 'Tejido hígado', 1);
INSERT INTO `mydb`.`Evidencia` (`idEvidencia`, `nombreEvidencia`, `Tipo_Evidencia_idTipoEvidencia`) VALUES (32, 'Tejido baso', 1);
INSERT INTO `mydb`.`Evidencia` (`idEvidencia`, `nombreEvidencia`, `Tipo_Evidencia_idTipoEvidencia`) VALUES (33, 'Tejido diafragma', 1);
INSERT INTO `mydb`.`Evidencia` (`idEvidencia`, `nombreEvidencia`, `Tipo_Evidencia_idTipoEvidencia`) VALUES (34, 'Tejido intestino', 1);
INSERT INTO `mydb`.`Evidencia` (`idEvidencia`, `nombreEvidencia`, `Tipo_Evidencia_idTipoEvidencia`) VALUES (35, 'Tejido piel ', 1);
INSERT INTO `mydb`.`Evidencia` (`idEvidencia`, `nombreEvidencia`, `Tipo_Evidencia_idTipoEvidencia`) VALUES (36, 'Tejido otros', 1);
INSERT INTO `mydb`.`Evidencia` (`idEvidencia`, `nombreEvidencia`, `Tipo_Evidencia_idTipoEvidencia`) VALUES (37, 'Vestido', 3);
INSERT INTO `mydb`.`Evidencia` (`idEvidencia`, `nombreEvidencia`, `Tipo_Evidencia_idTipoEvidencia`) VALUES (38, 'Blusa', 3);
INSERT INTO `mydb`.`Evidencia` (`idEvidencia`, `nombreEvidencia`, `Tipo_Evidencia_idTipoEvidencia`) VALUES (39, 'Camisa', 3);
INSERT INTO `mydb`.`Evidencia` (`idEvidencia`, `nombreEvidencia`, `Tipo_Evidencia_idTipoEvidencia`) VALUES (40, 'Patalón', 3);
INSERT INTO `mydb`.`Evidencia` (`idEvidencia`, `nombreEvidencia`, `Tipo_Evidencia_idTipoEvidencia`) VALUES (41, 'Polera', 3);
INSERT INTO `mydb`.`Evidencia` (`idEvidencia`, `nombreEvidencia`, `Tipo_Evidencia_idTipoEvidencia`) VALUES (42, 'Chaqueta', 3);
INSERT INTO `mydb`.`Evidencia` (`idEvidencia`, `nombreEvidencia`, `Tipo_Evidencia_idTipoEvidencia`) VALUES (43, 'Chaleco', 3);
INSERT INTO `mydb`.`Evidencia` (`idEvidencia`, `nombreEvidencia`, `Tipo_Evidencia_idTipoEvidencia`) VALUES (44, 'Calzado', 3);
INSERT INTO `mydb`.`Evidencia` (`idEvidencia`, `nombreEvidencia`, `Tipo_Evidencia_idTipoEvidencia`) VALUES (45, 'Otros', 3);
INSERT INTO `mydb`.`Evidencia` (`idEvidencia`, `nombreEvidencia`, `Tipo_Evidencia_idTipoEvidencia`) VALUES (46, 'Protector', 5);
INSERT INTO `mydb`.`Evidencia` (`idEvidencia`, `nombreEvidencia`, `Tipo_Evidencia_idTipoEvidencia`) VALUES (47, 'Toalla higiénica', 5);
INSERT INTO `mydb`.`Evidencia` (`idEvidencia`, `nombreEvidencia`, `Tipo_Evidencia_idTipoEvidencia`) VALUES (48, 'Arma blanca', 5);
INSERT INTO `mydb`.`Evidencia` (`idEvidencia`, `nombreEvidencia`, `Tipo_Evidencia_idTipoEvidencia`) VALUES (49, 'Cuchillo', 5);
INSERT INTO `mydb`.`Evidencia` (`idEvidencia`, `nombreEvidencia`, `Tipo_Evidencia_idTipoEvidencia`) VALUES (50, 'Sable', 5);
INSERT INTO `mydb`.`Evidencia` (`idEvidencia`, `nombreEvidencia`, `Tipo_Evidencia_idTipoEvidencia`) VALUES (51, 'Otros', 5);
INSERT INTO `mydb`.`Evidencia` (`idEvidencia`, `nombreEvidencia`, `Tipo_Evidencia_idTipoEvidencia`) VALUES (52, 'Bala', 8);
INSERT INTO `mydb`.`Evidencia` (`idEvidencia`, `nombreEvidencia`, `Tipo_Evidencia_idTipoEvidencia`) VALUES (53, 'Otros', 8);
INSERT INTO `mydb`.`Evidencia` (`idEvidencia`, `nombreEvidencia`, `Tipo_Evidencia_idTipoEvidencia`) VALUES (54, 'Otros', 7);

COMMIT;

